{
  "cv_cat_rmsle": 0.14430339264836722,
  "cv_hybrid_rmsle": 0.14526311043932305
}